route,stop,branch_name,address,sheet_name,lon,lat
1,1,Humberwood,"850 Humberwood Boulevard, Toronto, ON, M9W 7A6",Humberwood,-79.61946,43.72873
1,2,Albion,"1515 Albion Road, Toronto, ON, M9V 1B2",Albion,-79.5845,43.73999
1,3,Rexdale,"2243 Kipling Avenue, Toronto, ON, M9W 4L5",Rexdale,-79.57323,43.72614
1,4,Northern Elms,"123B Rexdale Boulevard, Unit 5, Toronto, ON, M9W 1P1",Northern Elms,-79.56541,43.71089
1,5,Elmbrook Park,"2 Elmbrook Crescent, Toronto, ON, M9C 5B4",Elmbrook Park,-79.58391,43.66014
1,6,Eatonville,"430 Burnhamthorpe Road, Toronto, ON, M9B 2B1",Eatonville,-79.5591,43.64616
1,7,Alderwood,"2 Orianna Drive, Toronto, ON, M8W 4Y1",Alderwood,-79.54714,43.60168
1,8,Long Branch,"3500 Lake Shore Boulevard West, Toronto, ON, M8W 1N6",Long Branch,-79.53142,43.59529
1,9,New Toronto,"110 Eleventh Street, Toronto, ON, M8V 3G5",New Toronto,-79.50986,43.59905
1,10,Mimico Centennial,"47 Station Road, Toronto, ON, M8V 2R1",Mimico Centennial,-79.49369,43.61486
2,1,Humber Summit,"2990 Islington Avenue, Toronto, ON, M9L 2K6",Humber Summit,-79.57161,43.75906
2,2,Woodview Park,"16 Bradstock Road, Toronto, ON, M9M 1M8",Woodview Park,-79.53836,43.73977
2,3,Richview,"1806 Islington Avenue, Toronto, ON, M9P 3N3",Richview,-79.54113,43.68344
2,4,Brentwood,"36 Brentwood Road North, Toronto, ON, M8X 2B5",Brentwood,-79.51417,43.64747
2,5,Humber Bay,"200 Park Lawn Road, Toronto, ON, M8Y 3J1",Humber Bay,-79.49124,43.63032
2,6,Swansea Memorial,"95 Lavinia Avenue, Toronto, ON, M6S 3H9",Swansea Memorial,-79.47785,43.64758
2,7,Runnymede,"2178 Bloor Street West, Toronto, ON, M6S 1M8",Runnymede,-79.47388,43.65188
2,8,High Park,"228 Roncesvalles Avenue, Toronto, ON, M6R 2L7",High Park,-79.44887,43.64513
2,9,Parkdale,"1303 Queen Street West, Toronto, ON, M6K 1L6",Parkdale,-79.43265,43.64127
2,10,Bloor/Gladstone,"1101 Bloor Street West, Toronto, ON, M6H 1M7",Bloor/Gladstone,-79.43399,43.65992
3,1,York Woods,"1785 Finch Avenue West, Toronto, ON, M3N 1M6",York Woods,-79.50731,43.75892
3,2,Jane/Sheppard,"1906 Sheppard Avenue West, Toronto, ON, M3L 1Y7",Jane/Sheppard,-79.5101,43.73996
3,3,Black Creek,"North York Sheridan Mall, 1700 Wilson Avenue Unit 63-64, Toronto, ON, M3L 1B2",Black Creek,-79.5113,43.72156
3,4,Weston,"2 King Street, Toronto, ON, M9N 1K9",Weston,-79.52071,43.70171
3,5,Mount Dennis,"1123 Weston Road, Toronto, ON, M6N 3S3",Mount Dennis,-79.48828,43.68659
3,6,Evelyn Gregory,"120 Trowell Avenue, Toronto, ON, M6M 1L7",Evelyn Gregory,-79.47233,43.68631
3,7,St. Clair/Silverthorn,"1748 St. Clair Avenue West, Toronto, ON, M6N 1J3",St. Clair/Silverthorn,-79.46061,43.67429
3,8,Dufferin/St. Clair,"1625 Dufferin Street, Toronto, ON, M6H 3L9",Dufferin/St.Clair,-79.44241,43.67701
3,9,Davenport,"1246 Shaw Street, Toronto, ON, M6G 3P1",Davenport,-79.42839,43.67458
3,10,Wychwood,"1431 Bathurst Street, Toronto, ON, M5R 3J2",Wychwood,-79.41755,43.68222
4,1,Downsview,"2793 Keele Street, Toronto, ON, M3M 2G3",Downsview,-79.48202,43.72885
4,2,Amesbury Park,"1565 Lawrence Avenue West, Toronto, ON, M6L 1A8",Amesbury Park,-79.48582,43.70646
4,3,Oakwood Village Library and Arts Centre,"341 Oakwood Avenue, Toronto, ON, M6E 2W1",Oakwood Village Library and Arts Centre,-79.43826,43.68656
4,4,Maria A. Shchuka,"1745 Eglinton Avenue W, Toronto, ON, M6E 2H4",Maria A. Shchuka,-79.44727,43.69614
4,5,Flemingdon Park,"29 St. Dennis Drive, Toronto, ON, M3C 3J3",Flemingdon Park,-79.33169,43.718
4,6,Thorncliffe,"48 Thorncliffe Park Drive, Toronto, ON, M4H 1J7",Thorncliffe,-79.34252,43.70297
4,7,Todmorden Room,"1081 1/2 Pape Ave (at Torrens), Toronto, ON, M4K 3W6",Todmorden Room,-79.34943,43.69163
4,8,S. Walter Stewart,"170 Memorial Park Avenue, Toronto, ON, M4J 2K5",S. Walter Stewart,-79.32972,43.69217
4,9,Danforth/Coxwell,"1675 Danforth Avenue, Toronto, ON, M4C 5P2",Danforth/Coxwell,-79.32143,43.68368
4,10,Taylor Memorial,"1440 Kingston Road, Toronto, ON, M1N 1R3",Taylor Memorial,-79.2713,43.68789
5,1,College/Shaw,"766 College Street, Toronto, ON, M6G 1C4",College/Shaw,-79.42019,43.65513
5,2,Lillian H. Smith,"239 College Street, Toronto, ON, M5T 1R5",Lillian H. Smith,-79.39839,43.65798
5,3,Toronto Reference Library,"789 Yonge Street, Toronto, ON, M4W 2G8",Toronto Reference Library,-79.38674,43.67195
5,4,Deer Park,"40 St. Clair Avenue East, Toronto, ON, M4T 1M9",Deer Park,-79.39242,43.68863
5,5,Northern District,"40 Orchard View Boulevard, Toronto, ON, M4R 1B9",Northern District,-79.39979,43.70824
5,6,Forest Hill,"700 Eglinton Avenue West, Toronto, ON, M5N 1B9",Forest Hill,-79.42073,43.70233
5,7,Barbara Frum,"20 Covington Road, Toronto, ON, M6A 3C1",Barbara Frum,-79.43215,43.72071
5,8,Locke,"3083 Yonge Street, Toronto, ON, M4N 2K7",Locke,-79.40176,43.72488
5,9,Mount Pleasant,"599 Mt. Pleasant Road, Toronto, ON, M4S 2M5",Mount Pleasant,-79.38819,43.70396
5,10,Leaside,"165 McRae Drive, Toronto, ON, M4G 1S8",Leaside,-79.36761,43.70641
6,1,Daniel G. Hill (formely Jane/Dundas),"620 Jane Street, Toronto, ON, M6S 4A6",Daniel G. Hill,-79.49145,43.66548
6,2,Annette Street,"145 Annette Street, Toronto, ON, M6P 1P3",Annette Street,-79.46637,43.6634
6,3,Junction Triangle (formely Perth/Dupont),"305 Campbell Avenue, Toronto, ON M6P 3V7",Perth/Dupont,-79.44964,43.66566
6,4,Palmerston,"560 Palmerston Avenue, Toronto, ON, M6G 2P7",Palmerston,-79.41414,43.66511
6,5,Spadina Road,"10 Spadina Road, Toronto, ON, M5R 2S7",Spadina Road,-79.40462,43.66767
6,6,Sanderson,"327 Bathurst Street, Toronto, ON, M5T 1J1",Sanderson,-79.40551,43.65214
6,7,Fort York,"190 Fort York Boulevard, Toronto, ON M5V 0E7",Fort York,-79.40039,43.63923
6,8,City Hall,"Nathan Phillips Square, 100 Queen Street West, Toronto, ON, M5H 2N3",City Hall,-79.38383,43.65337
6,9,Yorkville,"22 Yorkville Avenue, Toronto, ON, M4W 1L4",Yorkville,-79.38864,43.67192
6,10,St. James Town,"495 Sherbourne Street, Toronto, ON, M4X 1K7",St. James Town,-79.3744,43.66749
7,1,Centennial,"578 Finch Avenue West, Toronto, ON, M2R 1N7",Centennial,-79.44963,43.77301
7,2,Armour Heights,"2140 Avenue Road, Toronto, ON, M5M 4M7",Armour Heights,-79.42178,43.73922
7,3,North York Central Library,"5120 Yonge Street, Toronto, ON, M2N 5N9",North York Central Library,-79.41451,43.76817
7,4,Ethennonnhawahstihnen' (formely Bayview),"100 Ethennonnhawahstihnen' Lane, Toronto, ON M2K 3C9",Ethennonnhawahstihnen,-79.37572,43.76874
7,5,Hillcrest,"5801 Leslie Street, Toronto, ON, M2H 1J8",Hillcrest,-79.36904,43.79707
7,6,Steeles,"Bamburgh Gardens Shopping Plaza, C107-375 Bamburgh Circle, Toronto, ON, M1W 3Y1",Steeles,-79.32243,43.81555
7,7,Goldhawk Park,"295 Alton Towers Circle, Toronto, ON, M1V 4P1",Goldhawk Park,-79.27799,43.82404
7,8,Woodside Square,"Woodside Square Mall, 1571 Sandhurst Circle, Toronto, ON, M1V 1V2",Woodside Square,-79.27031,43.8088
7,9,Burrows Hall,"1081 Progress Avenue, Toronto, ON, M1B 5Z6",Burrows Hall,-79.2341,43.79395
7,10,Malvern,"30 Sewells Road, Toronto, ON, M1B 3G5",Malvern,-79.21624,43.80824
8,1,Eglinton Square,"Eglinton Square Shopping Centre, 1 Eglinton Square, Unit 126, Toronto, ON, M1L 2K1",Eglinton Square,-79.30166,43.72358
8,2,Victoria Village,"184 Sloane Avenue, Toronto, ON, M4A 2C4",Victoria Village,-79.31292,43.73605
8,3,Don Mills,"888 Lawrence Avenue East, Toronto, ON, M3C 1P6",Don Mills,-79.34729,43.73671
8,4,Fairview,"35 Fairview Mall Drive, Toronto, ON, M2J 4S4",Fairview,-79.34674,43.77909
8,5,Pleasant View,"575 Van Horne Avenue, Toronto, ON, M2J 4S8",Pleasant View,-79.33545,43.78761
8,6,Bridlewood,"Bridlewood Mall, 230-2900 Warden Avenue, Toronto, ON, M1W 2S8",Bridlewood,-79.31878,43.79976
8,7,Agincourt,"155 Bonis Avenue, Toronto, ON, M1T 3W6",Agincourt,-79.29349,43.78522
8,8,McGregor Park,"2219 Lawrence Avenue East, Toronto, ON, M1P 2P5",McGregor Park,-79.28086,43.74794
8,9,Maryvale,"Parkway Mall, 85 Ellesmere Road, Unit 22, Toronto, ON, M1R 4B9",Maryvale,-79.31158,43.75719
8,10,Brookbanks,"210 Brookbanks Drive, Toronto, ON, M3A 2T8",Brookbanks,-79.3258,43.75952
9,1,St. Lawrence,"171 Front Street East, Toronto, ON, M5A 4H3",St. Lawrence,-79.36832,43.65012
9,2,Parliament Street,"269 Gerrard Street East, Toronto, ON, M5A 2G3",Parliament Street,-79.36803,43.66183
9,3,Riverdale,"370 Broadview Avenue, Toronto, ON, M4K 2M8",Riverdale,-79.35309,43.66571
9,4,Pape/Danforth,"701 Pape Avenue, Toronto, ON, M4K 3S6",Pape/Danforth,-79.34459,43.67862
9,5,Dawes Road,"416 Dawes Road, Toronto, ON, M4B 2E8",Dawes Road,-79.29696,43.70169
9,6,Main Street,"137 Main Street, Toronto, ON, M4E 2V9",Main Street,-79.29946,43.68341
9,7,Beaches,"2161 Queen Street East, Toronto, ON, M4L 1J1",Beaches,-79.29848,43.67011
9,8,Gerrard/Ashdale,"1432 Gerrard Street East, Toronto, ON, M4L 1Z6",Gerrard/Ashdale,-79.32204,43.67245
9,9,Jones,"118 Jones Avenue, Toronto, ON, M4M 2Z9",Jones,-79.33451,43.66598
9,10,Queen/Saulter,"765 Queen Street East, Toronto, ON, M4M 1H3",Queen/Saulter,-79.3476,43.65928
10,1,Albert Campbell,"496 Birchmount Road, Toronto, ON, M1K 1N8",Albert Campbell,-79.26911,43.70814
10,2,Cliffcrest,"3017 Kingston Road, Toronto, ON, M1M 1P1",Cliffcrest,-79.23049,43.72566
10,3,Guildwood,"Guildwood Plaza, 123 Guildwood Parkway, Toronto, ON, M1E 4V2",Guildwood,-79.19954,43.74704
10,4,Highland Creek,"3550 Ellesmere Road, Toronto, ON, M1C 3Z2",Highland Creek,-79.17516,43.79003
10,5,Port Union,"5450 Lawrence Avenue East, Toronto, ON, M1C 3B2",Port Union,-79.14024,43.7795
10,6,Morningside,"4279 Lawrence Avenue East, Toronto, ON, M1E 2S8",Morningside,-79.1784,43.76988
10,7,Cedarbrae,"545 Markham Road, Toronto, ON, M1H 2A1",Cedarbrae,-79.22409,43.75754
10,8,Bendale,"1515 Danforth Road, Toronto, ON, M1J 1H5",Bendale,-79.24403,43.75109
10,9,Kennedy/Eglinton,"Liberty Square Plaza, 2380 Eglinton Avenue East, Toronto, ON, M1K 2P3",Kennedy/Eglinton,-79.27044,43.73221
10,10,Scarborough Civic Centre,"156 Borough Drive, Toronto, ON, M1P 4N7",Scarborough Civic Centre Branch,-79.25704,43.77237
